INSERT INTO "User" (id, username, email, password, created_at) VALUES (1, 'johnsonjoshua', 'donaldgarcia@example.net', '#&(WTSnJL8q1', '2025-02-04 10:45:15.230305');
INSERT INTO "User" (id, username, email, password, created_at) VALUES (2, 'susanrogers', 'jamesmichael@example.com', 'g)y4ZnbpUe$4', '2025-02-04 11:03:30.565560');
INSERT INTO "User" (id, username, email, password, created_at) VALUES (3, 'francisco53', 'jacqueline19@example.net', '0GzXThoj48B#', '2025-01-27 08:37:49.916935');
INSERT INTO "User" (id, username, email, password, created_at) VALUES (4, 'pfoster', 'ithomas@example.org', 'hRVEz_i8p++c', '2025-03-07 14:16:50.947879');
INSERT INTO "User" (id, username, email, password, created_at) VALUES (5, 'frazierdanny', 'kayla51@example.com', '2q7P1OqA&a+i', '2025-03-02 13:45:17.791623');
INSERT INTO "User" (id, username, email, password, created_at) VALUES (6, 'hickmannatasha', 'john39@example.org', 'R)aw07Cyuh@e', '2025-04-22 12:38:00.711599');
INSERT INTO "User" (id, username, email, password, created_at) VALUES (7, 'omartinez', 'morganbrianna@example.org', 'e)%3CQAcRfrU', '2025-01-13 00:23:58.261418');
INSERT INTO "User" (id, username, email, password, created_at) VALUES (8, 'agomez', 'dshields@example.net', '_1(2R_1Mm^Bp', '2025-04-14 15:26:37.639295');
INSERT INTO "User" (id, username, email, password, created_at) VALUES (9, 'housemelinda', 'richardolson@example.com', 'a7kLJwzT!29M', '2025-04-03 17:27:41.220116');
INSERT INTO "User" (id, username, email, password, created_at) VALUES (10, 'williamsthomas', 'brianromero@example.org', 'pHv@9CvaTB7b', '2025-01-17 05:24:13.901409');

INSERT INTO Song (id, title, artist, album, duration) VALUES (1, 'Lead upon', 'Alexandra Howell', 'Order', 153);
INSERT INTO Song (id, title, artist, album, duration) VALUES (2, 'Available defense', 'Timothy Ibarra', 'Until', 317);
INSERT INTO Song (id, title, artist, album, duration) VALUES (3, 'Hard citizen', 'Michele Carr', 'Surface', 340);
INSERT INTO Song (id, title, artist, album, duration) VALUES (4, 'Account stage federal', 'Teresa Taylor', 'Business', 348);
INSERT INTO Song (id, title, artist, album, duration) VALUES (5, 'Score choice', 'Daniel Cooper', 'Right', 272);
INSERT INTO Song (id, title, artist, album, duration) VALUES (6, 'Measure economy', 'Amber Walters', 'Themselves', 124);
INSERT INTO Song (id, title, artist, album, duration) VALUES (7, 'Analysis four', 'William Martin', 'Letter', 273);
INSERT INTO Song (id, title, artist, album, duration) VALUES (8, 'Relationship night born', 'Melissa Hernandez', 'Also', 325);
INSERT INTO Song (id, title, artist, album, duration) VALUES (9, 'Old challenge camera', 'Steven Flynn', 'Traditional', 349);
INSERT INTO Song (id, title, artist, album, duration) VALUES (10, 'Way', 'Michael Estrada', 'Health', 385);
INSERT INTO Song (id, title, artist, album, duration) VALUES (11, 'This image per', 'Timothy Hancock', 'Such', 202);
INSERT INTO Song (id, title, artist, album, duration) VALUES (12, 'Thing agent', 'Evelyn Galvan', 'Suffer', 374);
INSERT INTO Song (id, title, artist, album, duration) VALUES (13, 'Environment skin', 'Shane Garrison', 'Doctor', 355);
INSERT INTO Song (id, title, artist, album, duration) VALUES (14, 'Staff least', 'Robert Perez', 'Agent', 383);
INSERT INTO Song (id, title, artist, album, duration) VALUES (15, 'Huge everything', 'Raymond Bell', 'Mr', 187);
INSERT INTO Song (id, title, artist, album, duration) VALUES (16, 'Quickly such former', 'Shawn Green', 'Partner', 362);
INSERT INTO Song (id, title, artist, album, duration) VALUES (17, 'Although others', 'Richard Graham', 'Much', 318);
INSERT INTO Song (id, title, artist, album, duration) VALUES (18, 'History office', 'Michael Smith', 'Wish', 182);
INSERT INTO Song (id, title, artist, album, duration) VALUES (19, 'Rather vote say', 'Jeffrey Rush', 'Wife', 321);
INSERT INTO Song (id, title, artist, album, duration) VALUES (20, 'Perhaps professional by', 'Katie Estrada', 'General', 233);
INSERT INTO Song (id, title, artist, album, duration) VALUES (21, 'Recent never court', 'Jamie Adkins', 'Contain', 246);
INSERT INTO Song (id, title, artist, album, duration) VALUES (22, 'Notice image street fight', 'Richard Lawson', 'Fund', 285);
INSERT INTO Song (id, title, artist, album, duration) VALUES (23, 'Kid put memory', 'Toni Fitzgerald', 'Reason', 286);
INSERT INTO Song (id, title, artist, album, duration) VALUES (24, 'Exist professional', 'Anna Crane', 'Easy', 289);
INSERT INTO Song (id, title, artist, album, duration) VALUES (25, 'Different current', 'David Alvarez', 'To', 228);
INSERT INTO Song (id, title, artist, album, duration) VALUES (26, 'Lay though', 'Michelle Cruz', 'Instead', 152);
INSERT INTO Song (id, title, artist, album, duration) VALUES (27, 'Challenge reach', 'Shannon Mcclure', 'Start', 396);
INSERT INTO Song (id, title, artist, album, duration) VALUES (28, 'Despite sound receive', 'Justin Lowery', 'Campaign', 268);
INSERT INTO Song (id, title, artist, album, duration) VALUES (29, 'Card let most', 'Emily Fischer', 'Level', 211);
INSERT INTO Song (id, title, artist, album, duration) VALUES (30, 'Spring throughout interview trade', 'Christopher Hensley', 'Listen', 180);

INSERT INTO Playlist (id, name, is_user_created, user_id, created_at) VALUES (1, 'Fundamental web-enabled encryption', True, 5, '2025-04-15 02:51:18.054262');
INSERT INTO Playlist (id, name, is_user_created, user_id, created_at) VALUES (2, 'Grass-roots zero administration time-frame', True, 5, '2025-03-06 15:01:48.500277');
INSERT INTO Playlist (id, name, is_user_created, user_id, created_at) VALUES (3, 'Self-enabling disintermediate focus group', True, 5, '2025-02-24 12:45:31.210280');
INSERT INTO Playlist (id, name, is_user_created, user_id, created_at) VALUES (4, 'Universal executive encoding', True, 4, '2025-02-03 16:26:15.019776');
INSERT INTO Playlist (id, name, is_user_created, user_id, created_at) VALUES (5, 'Intuitive needs-based artificial intelligence', True, 10, '2025-01-18 03:42:22.146405');
INSERT INTO Playlist (id, name, is_user_created, user_id, created_at) VALUES (6, 'Focused human-resource solution', True, 10, '2025-01-19 22:38:36.616577');
INSERT INTO Playlist (id, name, is_user_created, user_id, created_at) VALUES (7, 'Extended asymmetric instruction set', True, 6, '2025-02-20 12:44:08.613619');
INSERT INTO Playlist (id, name, is_user_created, user_id, created_at) VALUES (8, 'Quality-focused maximized instruction set', True, 2, '2025-01-08 17:15:35.933806');

INSERT INTO PlaylistSong (playlist_id, song_id, added_at) VALUES (5, 9, '2025-04-14 06:06:43.091985');
INSERT INTO PlaylistSong (playlist_id, song_id, added_at) VALUES (6, 29, '2025-02-18 06:48:55.604031');
INSERT INTO PlaylistSong (playlist_id, song_id, added_at) VALUES (6, 12, '2025-04-06 10:23:00.281325');
INSERT INTO PlaylistSong (playlist_id, song_id, added_at) VALUES (6, 4, '2025-04-28 06:49:50.591662');
INSERT INTO PlaylistSong (playlist_id, song_id, added_at) VALUES (3, 28, '2025-01-03 10:06:49.269176');
INSERT INTO PlaylistSong (playlist_id, song_id, added_at) VALUES (2, 26, '2025-04-20 04:13:45.465307');
INSERT INTO PlaylistSong (playlist_id, song_id, added_at) VALUES (8, 24, '2025-03-13 08:51:32.417357');
INSERT INTO PlaylistSong (playlist_id, song_id, added_at) VALUES (2, 13, '2025-03-01 03:09:50.491848');
INSERT INTO PlaylistSong (playlist_id, song_id, added_at) VALUES (5, 29, '2025-04-27 20:57:05.620967');
INSERT INTO PlaylistSong (playlist_id, song_id, added_at) VALUES (2, 25, '2025-02-07 00:27:58.043367');
INSERT INTO PlaylistSong (playlist_id, song_id, added_at) VALUES (4, 28, '2025-02-18 08:19:56.515715');
INSERT INTO PlaylistSong (playlist_id, song_id, added_at) VALUES (1, 4, '2025-04-21 12:54:45.794501');
INSERT INTO PlaylistSong (playlist_id, song_id, added_at) VALUES (5, 24, '2025-04-14 14:33:15.930463');
INSERT INTO PlaylistSong (playlist_id, song_id, added_at) VALUES (4, 29, '2025-03-08 17:22:28.853685');
INSERT INTO PlaylistSong (playlist_id, song_id, added_at) VALUES (3, 15, '2025-04-02 01:45:58.723287');
INSERT INTO PlaylistSong (playlist_id, song_id, added_at) VALUES (3, 9, '2025-04-10 03:51:29.562210');
INSERT INTO PlaylistSong (playlist_id, song_id, added_at) VALUES (4, 3, '2025-04-22 07:16:11.364034');
INSERT INTO PlaylistSong (playlist_id, song_id, added_at) VALUES (6, 16, '2025-03-02 12:38:07.939184');
INSERT INTO PlaylistSong (playlist_id, song_id, added_at) VALUES (1, 6, '2025-02-03 20:04:04.787081');
INSERT INTO PlaylistSong (playlist_id, song_id, added_at) VALUES (3, 14, '2025-03-02 04:56:13.072109');
INSERT INTO PlaylistSong (playlist_id, song_id, added_at) VALUES (5, 18, '2025-02-18 04:58:18.888834');
INSERT INTO PlaylistSong (playlist_id, song_id, added_at) VALUES (1, 3, '2025-03-24 22:06:30.297442');
INSERT INTO PlaylistSong (playlist_id, song_id, added_at) VALUES (5, 26, '2025-04-09 22:43:23.800940');
INSERT INTO PlaylistSong (playlist_id, song_id, added_at) VALUES (1, 8, '2025-03-31 18:39:58.706801');
INSERT INTO PlaylistSong (playlist_id, song_id, added_at) VALUES (8, 29, '2025-04-15 04:46:02.901282');
INSERT INTO PlaylistSong (playlist_id, song_id, added_at) VALUES (1, 25, '2025-04-24 23:55:27.080771');
INSERT INTO PlaylistSong (playlist_id, song_id, added_at) VALUES (7, 3, '2025-05-02 13:57:17.652896');
INSERT INTO PlaylistSong (playlist_id, song_id, added_at) VALUES (8, 27, '2025-03-08 05:11:06.029624');
INSERT INTO PlaylistSong (playlist_id, song_id, added_at) VALUES (4, 24, '2025-04-23 10:23:50.227132');
INSERT INTO PlaylistSong (playlist_id, song_id, added_at) VALUES (3, 6, '2025-03-15 09:03:58.690133');
INSERT INTO PlaylistSong (playlist_id, song_id, added_at) VALUES (2, 27, '2025-03-24 04:37:54.596441');
INSERT INTO PlaylistSong (playlist_id, song_id, added_at) VALUES (5, 13, '2025-01-11 09:46:11.928545');
INSERT INTO PlaylistSong (playlist_id, song_id, added_at) VALUES (7, 27, '2025-02-23 03:15:25.809662');
INSERT INTO PlaylistSong (playlist_id, song_id, added_at) VALUES (8, 14, '2025-04-18 11:09:14.959902');
INSERT INTO PlaylistSong (playlist_id, song_id, added_at) VALUES (8, 6, '2025-01-23 12:42:02.682572');
INSERT INTO PlaylistSong (playlist_id, song_id, added_at) VALUES (2, 11, '2025-02-02 06:02:47.318242');
INSERT INTO PlaylistSong (playlist_id, song_id, added_at) VALUES (1, 28, '2025-02-10 13:58:35.989402');
INSERT INTO PlaylistSong (playlist_id, song_id, added_at) VALUES (6, 14, '2025-02-26 08:52:22.217066');
INSERT INTO PlaylistSong (playlist_id, song_id, added_at) VALUES (5, 5, '2025-02-11 20:10:11.232989');
INSERT INTO PlaylistSong (playlist_id, song_id, added_at) VALUES (8, 20, '2025-04-20 01:12:15.604345');

INSERT INTO Playback (id, user_id, song_id, played_at, duration_played) VALUES (1, 3, 15, '2025-02-04 11:54:01.948697', 160);
INSERT INTO Playback (id, user_id, song_id, played_at, duration_played) VALUES (2, 1, 20, '2025-04-28 22:07:48.130750', 154);
INSERT INTO Playback (id, user_id, song_id, played_at, duration_played) VALUES (3, 2, 23, '2025-02-22 06:17:14.398146', 35);
INSERT INTO Playback (id, user_id, song_id, played_at, duration_played) VALUES (4, 6, 25, '2025-04-14 12:07:16.843310', 110);
INSERT INTO Playback (id, user_id, song_id, played_at, duration_played) VALUES (5, 2, 28, '2025-02-28 07:18:36.251646', 191);
INSERT INTO Playback (id, user_id, song_id, played_at, duration_played) VALUES (6, 2, 11, '2025-04-03 20:34:53.986540', 288);
INSERT INTO Playback (id, user_id, song_id, played_at, duration_played) VALUES (7, 10, 13, '2025-01-07 10:58:15.564766', 292);
INSERT INTO Playback (id, user_id, song_id, played_at, duration_played) VALUES (8, 6, 21, '2025-04-29 00:15:32.718904', 121);
INSERT INTO Playback (id, user_id, song_id, played_at, duration_played) VALUES (9, 4, 4, '2025-01-28 19:07:52.093239', 39);
INSERT INTO Playback (id, user_id, song_id, played_at, duration_played) VALUES (10, 3, 6, '2025-01-09 12:09:40.080453', 250);
INSERT INTO Playback (id, user_id, song_id, played_at, duration_played) VALUES (11, 2, 21, '2025-04-29 16:13:27.666609', 267);
INSERT INTO Playback (id, user_id, song_id, played_at, duration_played) VALUES (12, 1, 9, '2025-01-05 23:46:50.023983', 62);
INSERT INTO Playback (id, user_id, song_id, played_at, duration_played) VALUES (13, 10, 21, '2025-01-04 20:19:26.258821', 111);
INSERT INTO Playback (id, user_id, song_id, played_at, duration_played) VALUES (14, 2, 4, '2025-01-31 15:44:42.871262', 236);
INSERT INTO Playback (id, user_id, song_id, played_at, duration_played) VALUES (15, 10, 25, '2025-04-15 00:58:06.754618', 276);
INSERT INTO Playback (id, user_id, song_id, played_at, duration_played) VALUES (16, 1, 15, '2025-03-19 00:40:05.127323', 219);
INSERT INTO Playback (id, user_id, song_id, played_at, duration_played) VALUES (17, 1, 12, '2025-01-30 13:44:45.167780', 58);
INSERT INTO Playback (id, user_id, song_id, played_at, duration_played) VALUES (18, 4, 19, '2025-02-28 16:59:32.666049', 274);
INSERT INTO Playback (id, user_id, song_id, played_at, duration_played) VALUES (19, 2, 3, '2025-01-15 04:20:39.884737', 56);
INSERT INTO Playback (id, user_id, song_id, played_at, duration_played) VALUES (20, 8, 8, '2025-04-28 11:52:25.830104', 40);
INSERT INTO Playback (id, user_id, song_id, played_at, duration_played) VALUES (21, 3, 27, '2025-02-27 15:37:18.055891', 225);
INSERT INTO Playback (id, user_id, song_id, played_at, duration_played) VALUES (22, 1, 22, '2025-02-01 18:24:18.776827', 233);
INSERT INTO Playback (id, user_id, song_id, played_at, duration_played) VALUES (23, 2, 28, '2025-02-15 17:34:43.061860', 37);
INSERT INTO Playback (id, user_id, song_id, played_at, duration_played) VALUES (24, 6, 12, '2025-03-17 02:43:13.578385', 110);
INSERT INTO Playback (id, user_id, song_id, played_at, duration_played) VALUES (25, 9, 25, '2025-04-30 11:24:45.238380', 272);
INSERT INTO Playback (id, user_id, song_id, played_at, duration_played) VALUES (26, 3, 24, '2025-03-31 01:20:15.506860', 99);
INSERT INTO Playback (id, user_id, song_id, played_at, duration_played) VALUES (27, 9, 25, '2025-04-07 10:10:27.672395', 294);
INSERT INTO Playback (id, user_id, song_id, played_at, duration_played) VALUES (28, 8, 10, '2025-01-21 07:15:16.390959', 256);
INSERT INTO Playback (id, user_id, song_id, played_at, duration_played) VALUES (29, 10, 14, '2025-02-08 13:26:17.369763', 78);
INSERT INTO Playback (id, user_id, song_id, played_at, duration_played) VALUES (30, 9, 12, '2025-03-13 17:46:05.662868', 178);
INSERT INTO Playback (id, user_id, song_id, played_at, duration_played) VALUES (31, 9, 13, '2025-04-26 03:43:48.429479', 154);
INSERT INTO Playback (id, user_id, song_id, played_at, duration_played) VALUES (32, 3, 16, '2025-03-13 09:10:31.884210', 137);
INSERT INTO Playback (id, user_id, song_id, played_at, duration_played) VALUES (33, 2, 30, '2025-04-23 13:39:43.423190', 38);
INSERT INTO Playback (id, user_id, song_id, played_at, duration_played) VALUES (34, 1, 6, '2025-02-16 12:39:20.506388', 232);
INSERT INTO Playback (id, user_id, song_id, played_at, duration_played) VALUES (35, 2, 3, '2025-04-27 17:10:11.147742', 202);
INSERT INTO Playback (id, user_id, song_id, played_at, duration_played) VALUES (36, 9, 9, '2025-01-25 14:05:35.430311', 70);
INSERT INTO Playback (id, user_id, song_id, played_at, duration_played) VALUES (37, 9, 25, '2025-03-15 09:40:35.388276', 68);
INSERT INTO Playback (id, user_id, song_id, played_at, duration_played) VALUES (38, 6, 30, '2025-04-13 23:12:38.252018', 222);
INSERT INTO Playback (id, user_id, song_id, played_at, duration_played) VALUES (39, 8, 28, '2025-01-31 02:33:10.556805', 112);
INSERT INTO Playback (id, user_id, song_id, played_at, duration_played) VALUES (40, 8, 21, '2025-03-28 10:22:02.793244', 108);
INSERT INTO Playback (id, user_id, song_id, played_at, duration_played) VALUES (41, 9, 3, '2025-02-07 09:18:10.445260', 36);
INSERT INTO Playback (id, user_id, song_id, played_at, duration_played) VALUES (42, 1, 9, '2025-03-26 19:53:05.469412', 292);
INSERT INTO Playback (id, user_id, song_id, played_at, duration_played) VALUES (43, 10, 12, '2025-04-10 20:41:52.320665', 116);
INSERT INTO Playback (id, user_id, song_id, played_at, duration_played) VALUES (44, 7, 15, '2025-04-09 17:01:30.837861', 106);
INSERT INTO Playback (id, user_id, song_id, played_at, duration_played) VALUES (45, 2, 18, '2025-03-12 03:49:35.473974', 293);
INSERT INTO Playback (id, user_id, song_id, played_at, duration_played) VALUES (46, 6, 13, '2025-01-06 02:11:36.669417', 68);
INSERT INTO Playback (id, user_id, song_id, played_at, duration_played) VALUES (47, 9, 4, '2025-03-08 01:05:01.981167', 137);
INSERT INTO Playback (id, user_id, song_id, played_at, duration_played) VALUES (48, 9, 11, '2025-03-24 00:13:59.093313', 249);
INSERT INTO Playback (id, user_id, song_id, played_at, duration_played) VALUES (49, 5, 28, '2025-01-09 13:10:04.362367', 171);
INSERT INTO Playback (id, user_id, song_id, played_at, duration_played) VALUES (50, 10, 19, '2025-03-22 06:38:38.032196', 189);

INSERT INTO Follow (user_id, playlist_id, followed_at) VALUES (5, 7, '2025-01-02 13:38:38.787250');
INSERT INTO Follow (user_id, playlist_id, followed_at) VALUES (8, 8, '2025-02-22 01:48:22.520617');
INSERT INTO Follow (user_id, playlist_id, followed_at) VALUES (6, 3, '2025-03-02 18:30:12.717769');
INSERT INTO Follow (user_id, playlist_id, followed_at) VALUES (9, 2, '2025-02-23 17:52:04.209073');
INSERT INTO Follow (user_id, playlist_id, followed_at) VALUES (4, 1, '2025-02-14 21:37:22.078202');
INSERT INTO Follow (user_id, playlist_id, followed_at) VALUES (3, 3, '2025-04-21 12:42:53.213604');
INSERT INTO Follow (user_id, playlist_id, followed_at) VALUES (1, 2, '2025-02-26 23:52:06.539059');
INSERT INTO Follow (user_id, playlist_id, followed_at) VALUES (6, 5, '2025-01-19 23:11:47.627820');
INSERT INTO Follow (user_id, playlist_id, followed_at) VALUES (9, 6, '2025-01-22 20:03:45.359587');
INSERT INTO Follow (user_id, playlist_id, followed_at) VALUES (4, 4, '2025-03-06 16:21:35.668295');
INSERT INTO Follow (user_id, playlist_id, followed_at) VALUES (6, 8, '2025-03-22 15:18:51.969625');
INSERT INTO Follow (user_id, playlist_id, followed_at) VALUES (7, 8, '2025-03-18 08:31:55.445137');
INSERT INTO Follow (user_id, playlist_id, followed_at) VALUES (1, 1, '2025-04-25 00:09:01.514528');
INSERT INTO Follow (user_id, playlist_id, followed_at) VALUES (1, 5, '2025-04-07 00:48:02.954394');
INSERT INTO Follow (user_id, playlist_id, followed_at) VALUES (7, 7, '2025-02-27 15:08:42.006946');
INSERT INTO Follow (user_id, playlist_id, followed_at) VALUES (10, 2, '2025-04-13 08:49:08.151979');
INSERT INTO Follow (user_id, playlist_id, followed_at) VALUES (10, 1, '2025-03-15 10:47:50.889068');
INSERT INTO Follow (user_id, playlist_id, followed_at) VALUES (8, 2, '2025-01-31 10:25:29.934049');
INSERT INTO Follow (user_id, playlist_id, followed_at) VALUES (3, 5, '2025-04-26 20:47:33.638813');